URL,Followers
https://www.facebook.com/groups/Ethereum/,104K
https://www.facebook.com/groups/1009074692442562/,10k
https://www.facebook.com/groups/BitcoinNewZealand/,10k
https://www.facebook.com/groups/vitcoin.vzla/,10k
https://www.facebook.com/groups/coinspottradersAustralia/,10k
https://www.facebook.com/groups/1449758465350263/,10k
https://www.facebook.com/groups/356565324695857/,10k
https://www.facebook.com/groups/164836150669245/,10k
https://www.facebook.com/groups/allin1profit/,10K
https://www.facebook.com/groups/trademastermind/,10K
https://www.facebook.com/groups/Bitcoinworldtraders/,10K
https://www.facebook.com/groups/thebitcoinhustler/,111k
https://www.facebook.com/groups/1626982224265867/,11k
https://www.facebook.com/groups/SmartCryptoTrader.Club/,11k
https://www.facebook.com/groups/iotatangle/,11K
https://www.facebook.com/groups/1596413400684319/,11K
https://www.facebook.com/groups/579745375487751/,11K
https://www.facebook.com/groups/ALTrader.biz/,11K
https://www.facebook.com/groups/1064957353577792/,11K
https://www.facebook.com/groups/349552821847875/,11K
https://www.facebook.com/groups/221554268228891/,12k
https://www.facebook.com/groups/USI.TECH.BITCOIN.TEAM.SUCCESS/,12k
https://www.facebook.com/groups/BharataFinance/,12k
https://www.facebook.com/groups/AltcoinInvestingGroup/,12k
https://www.facebook.com/groups/1170561529675973/,12k
https://www.facebook.com/groups/1053927251325031/,12k
https://www.facebook.com/groups/1450352008540063/,12k
https://www.facebook.com/groups/244785659210901/,12k
https://www.facebook.com/groups/1452693864948410/,12k
https://www.facebook.com/groups/exbtc/,12K
https://www.facebook.com/groups/binsec/,12K
https://www.facebook.com/groups/980684722076224/,12K
https://www.facebook.com/groups/203225980124431/,12K
https://www.facebook.com/groups/1547916055513562/,12K
https://www.facebook.com/groups/ohyaaaa/,1300k
https://www.facebook.com/groups/123342694907700/,13k
https://www.facebook.com/groups/cryptoalchemy/,13k
https://www.facebook.com/groups/12618261,13k
https://www.facebook.com/groups/AltcoinInvestingGroup/,13k
https://www.facebook.com/groups/126182617592946/,13k
https://www.facebook.com/groups/m3global.asia/,13k
https://www.facebook.com/groups/bitcoinstates/,13k
https://www.facebook.com/groups/919851988106473/,13K
https://www.facebook.com/groups/BitcoinUserUnitedArabEmirates/,13K
https://www.facebook.com/groups/1890439881202402/,13K
https://www.facebook.com/groups/cryptowealthfund/,13K
https://www.facebook.com/groups/767084343396679/,13K
https://www.facebook.com/groups/1816305251937379/,13K
https://www.facebook.com/groups/mzads/,13K
https://www.facebook.com/groups/899801026779970/,140k
https://www.facebook.com/groups/hotbitcoinfaucet/,14k
https://www.facebook.com/groups/205537423223262/,14k
https://www.facebook.com/groups/BitcoinUserUnitedStateOfAmerica/,14k
https://www.facebook.com/groups/920243251324562/,14k
https://www.facebook.com/groups/274023696264718/,14K
https://www.facebook.com/groups/1499496856970051/,15k
https://www.facebook.com/groups/MALAYSIABITCOINEMPIRE/,15k
https://www.facebook.com/groups/1342636722485412/,15K
https://www.facebook.com/groups/689961841053650/,15K
https://www.facebook.com/groups/etnholders/,16k
https://www.facebook.com/groups/Onlinebiznessads/,16k
https://www.facebook.com/groups/200630677058875/,16K
https://www.facebook.com/groups/187187378305123/,16K
https://www.facebook.com/groups/1877983522440926/,16K
https://www.facebook.com/groups/1922317831322891/,16K
https://www.facebook.com/groups/kipicode777914767/,17k
https://www.facebook.com/groups/208539883005125/,17K
https://www.facebook.com/groups/1601249926817016/,17K
https://www.facebook.com/groups/502468233479045/,17K
https://www.facebook.com/groups/597204500444277/,17K
https://www.facebook.com/groups/848170448584428/,17K
https://www.facebook.com/groups/993838177338315/,18k
https://www.facebook.com/groups/509640505871304/,18k
https://www.facebook.com/groups/MillionairesMindAttracts/,18k
https://www.facebook.com/groups/1817507861839539/,18k
https://www.facebook.com/groups/bkcryptotrader/,18k
https://www.facebook.com/groups/599062033617941/,18k
https://www.facebook.com/groups/bitcoinearnings09/,18k
https://www.facebook.com/groups/ccaus/,18k
https://www.facebook.com/groups/1145759645439299/,18k
https://www.facebook.com/groups/bitcoincrypto/,18K
https://www.facebook.com/groups/977420999015649/,18K
https://www.facebook.com/groups/veleslan/,18K
https://www.facebook.com/groups/650669645138617/,19k
https://www.facebook.com/groups/BitcoinUserCANADA/,19k
https://www.facebook.com/groups/BITCOINWORLDWIDEUSEABLE/,19k
https://www.facebook.com/groups/1646482415588080/,19K
https://www.facebook.com/groups/empreendedoresonlinek2group/,19K
https://www.facebook.com/groups/cryptoworld416/,1k
https://www.facebook.com/groups/stature.network/,1k
https://www.facebook.com/groups/1530355190591985/,1k
https://www.facebook.com/groups/2007610732802720/,1k
https://www.facebook.com/groups/cryptocurrencyvietnam/,1k
https://www.facebook.com/groups/bitcoinmavericks/,1k
https://www.facebook.com/groups/1699672216728832/,1k
https://www.facebook.com/groups/311421169271366/,1k
https://www.facebook.com/groups/CryptoSG/,1k
https://www.facebook.com/groups/1226477010803019/,1k
https://www.facebook.com/groups/674717686050593/,1k
https://www.facebook.com/groups/cryptokorero/,1k
https://www.facebook.com/groups/344327376039227/,1k
https://www.facebook.com/groups/BitcoinCashVietnam/,1k
https://www.facebook.com/groups/1952452444999912/,1k
https://www.facebook.com/groups/1513858502243189/,1k
https://www.facebook.com/groups/583361398511279/,1k
https://www.facebook.com/groups/888369914667950/,1k
https://www.facebook.com/groups/1976583589288983/,1k
https://www.facebook.com/groups/356527324804798/,1k
https://www.facebook.com/groups/swissgoldglobal/,1k
https://www.facebook.com/groups/goldcointalk/,1k
https://www.facebook.com/groups/135731720291380/,1k
https://www.facebook.com/groups/bitconnect.bcc/,1k
https://www.facebook.com/groups/SubstratumNetwork/,1k
https://www.facebook.com/groups/719376138261956/,1k
https://www.facebook.com/groups/296495354173610/,1k
https://www.facebook.com/groups/787685794751186/,1k
https://www.facebook.com/groups/BitsBeTrippin/,1k
https://www.facebook.com/groups/1080889651997717/,1k
https://www.facebook.com/groups/bitcoinasian/,1k
https://www.facebook.com/groups/329878940817053/,1k
https://www.facebook.com/groups/208848432918171,1k
https://www.facebook.com/groups/279263429142588/,1k
https://www.facebook.com/groups/bitcoinprofiteer/,1k
https://www.facebook.com/groups/109532396341335/,1k
https://www.facebook.com/groups/1163976133697035/,1k
https://www.facebook.com/groups/255228994991821/,1k
https://www.facebook.com/groups/1256015584506185/,1k
https://www.facebook.com/groups/1781635295468164/,1k
https://www.facebook.com/groups/UniversaCommunity/,1k
https://www.facebook.com/groups/965642193552056/,1k
https://www.facebook.com/groups/228968874280732/,1k
https://www.facebook.com/groups/SiaTechHQ/,1k
https://www.facebook.com/groups/SAFEX/,1k
https://www.facebook.com/groups/312468448945084/,1k
https://www.facebook.com/groups/CryptocurrencyMastermindGroup/,1k
https://www.facebook.com/groups/141202346522392/,1k
https://www.facebook.com/groups/1629154290740783/,1k
https://www.facebook.com/groups/178504729393832/,1k
https://www.facebook.com/groups/cryptoforbeginners/,1k
https://www.facebook.com/groups/478124865864665/,1k
https://www.facebook.com/groups/NetworkTrader/,1k
https://www.facebook.com/groups/1751576195157333/,1k
https://www.facebook.com/groups/143159293115628/,1k
https://www.facebook.com/groups/906502286110231/,1k
https://www.facebook.com/groups/1631612043802041/,1k
https://www.facebook.com/groups/609510529219234/,1k
https://www.facebook.com/groups/1877184665883854/,1k
https://www.facebook.com/groups/BitcoinUserUnitedKingdom/,1k
https://www.facebook.com/groups/BitcoinUserNetherlands/,1k
https://www.facebook.com/groups/BitcoinUserSweden/,1k
https://www.facebook.com/groups/bitcoineuropeasiaamerica/,1k
https://www.facebook.com/groups/2098476560378192/,1k
https://www.facebook.com/groups/153446581520929/,1k
https://www.facebook.com/groups/1966311983606374/,1k
https://www.facebook.com/groups/bitcoin.sverige.marknad/,1k
https://www.facebook.com/groups/1812161232362246/,1k
https://www.facebook.com/groups/1581188612187691/,1k
https://www.facebook.com/groups/179341652484864/,1K
https://www.facebook.com/groups/126253234391471/,1K
https://www.facebook.com/groups/326617127681962/,1K
https://www.facebook.com/groups/btcmalaysia/,1K
https://www.facebook.com/groups/421566911514583/,1K
https://www.facebook.com/groups/btc.my/,1K
https://www.facebook.com/groups/1703313253258047/,1K
https://www.facebook.com/groups/1432603876777186/,1K
https://www.facebook.com/groups/222690234883180/members/,1K
https://www.facebook.com/groups/bitcoinearningsandupdates/,1K
https://www.facebook.com/groups/830083987073457/,1K
https://www.facebook.com/groups/115558322384808/,1K
https://www.facebook.com/groups/1732071083760217/,1K
https://www.facebook.com/groups/472728253077450/,1K
https://www.facebook.com/groups/250316095369392/,1K
https://www.facebook.com/groups/bullionbitclub/,1K
https://www.facebook.com/groups/WeGrowBitcoinsAustralia/,1K
https://www.facebook.com/groups/173971622747417/,1K
https://www.facebook.com/groups/1063401653789530/,1K
https://www.facebook.com/groups/385251915227622/,1K
https://www.facebook.com/groups/wegrowbitcoinscanada/,1K
https://www.facebook.com/groups/New.York.i/,1K
https://www.facebook.com/groups/bitcoins.bitconnect.worldwide/,1K
https://www.facebook.com/groups/Bitcoinasiapacific/,1K
https://www.facebook.com/groups/chinabitcoin/,1K
https://www.facebook.com/groups/258227924582702/,1K
https://www.facebook.com/groups/bitcoinasian,1K
https://www.facebook.com/groups/1565833013727949/,1K
https://www.facebook.com/groups/316887842047089/,1K
https://www.facebook.com/groups/BitcoinsEurope/,1K
https://www.facebook.com/groups/157028631372158/,1K
https://www.facebook.com/groups/607550519691551/,1K
https://www.facebook.com/groups/BitcoinsAfrica/,1K
https://www.facebook.com/groups/1996341527261393/,1K
https://www.facebook.com/groups/BITCOINmark/,1K
https://www.facebook.com/groups/365457733794782/,1K
https://www.facebook.com/groups/igorbitcoinov/,1K
https://www.facebook.com/groups/bitcointradingtips/,1K
https://www.facebook.com/groups/180134565814093/,1K
https://www.facebook.com/groups/cryptoaus/,1K
https://www.facebook.com/groups/bitcoinbizworld/,1K
https://www.facebook.com/groups/1651965114821524/,1K
https://www.facebook.com/groups/BitcoinsInRussia/,1K
https://www.facebook.com/groups/257211031051636/,1K
https://www.facebook.com/groups/PAXtoken/,1K
https://www.facebook.com/groups/brasilbtc/,1K
https://www.facebook.com/groups/clixsensebrasil/,1K
https://www.facebook.com/groups/bitcoinsinbali/,1K
https://www.facebook.com/groups/960753413955771/,1K
https://www.facebook.com/groups/republikbitcoin/,1K
https://www.facebook.com/groups/1783525515218221/,1K
https://www.facebook.com/groups/business.opportunity.marketing/,1K
https://www.facebook.com/groups/bitcoinaffiliatemarket/,1K
https://www.facebook.com/groups/1712370838780058/,1K
https://www.facebook.com/groups/bitcoinmarketnigeria/,1K
https://www.facebook.com/groups/nigeriabitcoin/,1K
https://www.facebook.com/groups/24xbtc/,1K
https://www.facebook.com/groups/1094411340594828/,1K
https://www.facebook.com/groups/336616033469758/,1K
https://www.facebook.com/groups/559817150827236/,1K
https://www.facebook.com/groups/1709457722715586/,1K
https://www.facebook.com/groups/120601781952952/,1K
https://www.facebook.com/groups/workmlm/,1K
https://www.facebook.com/groups/cryptoladsinvesting/,1K
https://www.facebook.com/groups/CryptoAssassins/,1K
https://www.facebook.com/groups/CryptoCoinsHodlrazz/,1K
https://www.facebook.com/groups/340165406419108/,1K
https://www.facebook.com/groups/cryptogoddesses/,1K
https://www.facebook.com/groups/CRYPTODIGMINING/,1K
https://www.facebook.com/groups/191271501398799/,1K
https://www.facebook.com/groups/528519297500001/,1K
https://www.facebook.com/groups/PTECryptocurrencycommunity/,1K
https://www.facebook.com/groups/597909106888839/,1K
https://www.facebook.com/groups/125010124898834/,1K
https://www.facebook.com/groups/1354798314559654/,1K
https://www.facebook.com/groups/1478014242313345/,1K
https://www.facebook.com/groups/1853842998193390/,1K
https://www.facebook.com/groups/CryptoFree50GHS/,1K
https://www.facebook.com/groups/blackcryptomining/,1K
https://www.facebook.com/groups/507638146242642/,1K
https://www.facebook.com/groups/evolutioninvestmentagency/,1K
https://www.facebook.com/groups/cryptominersbuyandsellphilippines/,1K
https://www.facebook.com/groups/bitcoinadvertisements/,1K
https://www.facebook.com/groups/1884064561881853/,1K
https://www.facebook.com/groups/HaiKhuu.CryptocurrencyTraders/,1K
https://www.facebook.com/groups/cryptodaytradersclub/,1K
https://www.facebook.com/groups/841970039301330/,1K
https://www.facebook.com/groups/481309415569251/,1K
https://www.facebook.com/groups/CryptoCurrencyTradersClub/,1K
https://www.facebook.com/groups/1079179352215616/,1K
https://www.facebook.com/groups/630963003675061/,1K
https://www.facebook.com/groups/AltCoinsTrading/,1K
https://www.facebook.com/groups/442406322807017/,1K
https://www.facebook.com/groups/685532854939754/,1K
https://www.facebook.com/groups/OnecoinLeadersOfficial/,1K
https://www.facebook.com/groups/819023961580478/,1K
https://www.facebook.com/groups/1148504295293455/,1K
https://www.facebook.com/groups/CryptoEvents/,1K
https://www.facebook.com/groups/1292858304192889/,1K
https://www.facebook.com/groups/246714262525359/,1K
https://www.facebook.com/groups/1949458868656888/,1K
https://www.facebook.com/groups/goldcoincryptogold/,1K
https://www.facebook.com/groups/182738718955252/,1K
https://www.facebook.com/groups/cryptowatcher/,1K
https://www.facebook.com/groups/cryptofundraiser/,1K
https://www.facebook.com/groups/1445969825625023/,1K
https://www.facebook.com/groups/285213105283287/,1K
https://www.facebook.com/groups/ethereumminer/,1K
https://www.facebook.com/groups/282562045502455/,1K
https://www.facebook.com/groups/easycashpinoy/,1K
https://www.facebook.com/groups/493721547669333/,1K
https://www.facebook.com/groups/UcoincashIndonesiaRaya/,1K
https://www.facebook.com/groups/bitcoincashitalia/,1K
https://www.facebook.com/groups/SingaporeEthereumMiners/,1K
https://www.facebook.com/groups/1567523486798509/,1K
https://www.facebook.com/groups/236358973561304/,1K
https://www.facebook.com/groups/784901848286783/,1K
https://www.facebook.com/groups/1749067195357786/,1K
https://www.facebook.com/groups/LitecoinWorldwide/,1K
https://www.facebook.com/groups/122051038366848/,1K
https://www.facebook.com/groups/348269448908552/,1K
https://www.facebook.com/groups/BroadRipple/,1K
https://www.facebook.com/groups/1703220556378167/,1K
https://www.facebook.com/groups/BitcoinaireStash/,1K
https://www.facebook.com/groups/327391444361681/,1K
https://www.facebook.com/groups/1052377404830361/,1K
https://www.facebook.com/groups/italianminers/,1K
https://www.facebook.com/groups/1694993990514700/,1K
https://www.facebook.com/groups/692224374281574/,1K
https://www.facebook.com/groups/stellarlumens/,1K
https://www.facebook.com/groups/265281057227992/,1K
https://www.facebook.com/groups/xrpstellar/,1K
https://www.facebook.com/groups/ILoveCrypto/,1K
https://www.facebook.com/groups/255207664904297/,1K
https://www.facebook.com/groups/1666620546703761/,1K
https://www.facebook.com/groups/378394875915982/,1K
https://www.facebook.com/groups/gstorebd/,1K
https://www.facebook.com/groups/324934037933401/,1K
https://www.facebook.com/groups/BitconnectInsight/,1K
https://www.facebook.com/groups/153946591777102/,1K
https://www.facebook.com/groups/bccglobal/,1K
https://www.facebook.com/groups/267493813751127/,1K
https://www.facebook.com/groups/1435629516476483/,1K
https://www.facebook.com/groups/nexusinvestors/,1K
https://www.facebook.com/groups/OmiseGO.OMG/,1K
https://www.facebook.com/groups/129375720930854/,1K
https://www.facebook.com/groups/135751316501852/,208k
https://www.facebook.com/groups/1314865141932744/,20k
https://www.facebook.com/groups/fxMasterMind/,20k
https://www.facebook.com/groups/TheBitcoinUK/,20k
https://www.facebook.com/groups/531272260390778/,20k
https://www.facebook.com/groups/1548242222064490/,20K
https://www.facebook.com/groups/earnbitcoinonline/,20K
https://www.facebook.com/groups/BitCoin4CryptoCurrency/,21k
https://www.facebook.com/groups/BitcoinLegit/a,21k
https://www.facebook.com/groups/BitcoinLegit/,21k
https://www.facebook.com/groups/799155723571742/,21k
https://www.facebook.com/groups/bitcoinforextrades/,21k
https://www.facebook.com/groups/BitcoinMalaysia/,21K
https://www.facebook.com/groups/marketbitcoin/,21K
https://www.facebook.com/groups/totallycrypto/,22k
https://www.facebook.com/groups/806680966147491/,22k
https://www.facebook.com/groups/473919446308277/,22k
https://www.facebook.com/groups/165804527222712/,22k
https://www.facebook.com/groups/BitcoinUserAUSTRALIA/,22k
https://www.facebook.com/groups/BitcoinUserINDIA/,22k
https://www.facebook.com/groups/238566449914234/,22K
https://www.facebook.com/groups/bitcoinearnings/,233k
https://www.facebook.com/groups/BitcoinBoss/,23k
https://www.facebook.com/groups/489744354701629/,23k
https://www.facebook.com/groups/BitcoinAustralia/,23k
https://www.facebook.com/groups/478030972301362/,23K
https://www.facebook.com/groups/446656422197518/,23K
https://www.facebook.com/groups/1132039590141273/,23K
https://www.facebook.com/groups/bitcoin.altcoin.investors/,24k
https://www.facebook.com/groups/480785485606417/,24k
https://www.facebook.com/groups/246479302178538/,24k
https://www.facebook.com/groups/497922793742262/,24k
https://www.facebook.com/groups/249895935373700/,24K
https://www.facebook.com/groups/207362932932796/,24K
https://www.facebook.com/groups/1167131273301098/,25K
https://www.facebook.com/groups/1789254271312526/,25K
https://www.facebook.com/groups/AndroidDeveloppersBD/,25K
https://www.facebook.com/groups/620330264797018/,25K
https://www.facebook.com/groups/BitcoinUsersPH/,26k
https://www.facebook.com/groups/TheBitcoinCanada/,26k
https://www.facebook.com/groups/119856311759412/,26K
https://www.facebook.com/groups/bitcoworldwide/,27k
https://www.facebook.com/groups/273808789620999/,27k
https://www.facebook.com/groups/cryptotraderspro/,27k
https://www.facebook.com/groups/faycal99/,27K
https://www.facebook.com/groups/309103196170098/,27K
https://www.facebook.com/groups/Bitcoinmlm/,28k
https://www.facebook.com/groups/136073259807925/,28k
https://www.facebook.com/groups/1793846214240829/,28k
https://www.facebook.com/groups/bitcoinsmalaysia/,28K
https://www.facebook.com/groups/cryptoland/,28K
https://www.facebook.com/groups/1738629066389713/,29k
https://www.facebook.com/groups/Tanvirhossain.sadi/,2k
https://www.facebook.com/groups/133737887290828/,2k
https://www.facebook.com/groups/182090605649890/,2k
https://www.facebook.com/groups/eosblockchain/,2k
https://www.facebook.com/groups/EthereumSA/,2k
https://www.facebook.com/groups/1634396556853071/,2k
https://www.facebook.com/groups/CryptoInvestorsParadise/,2k
https://www.facebook.com/groups/BUCKSANDBITCOINS/,2k
https://www.facebook.com/groups/cloudmining.org/,2k
https://www.facebook.com/groups/221132814916424/,2k
https://www.facebook.com/groups/2035728303314171/,2k
https://www.facebook.com/groups/ICOProfits/,2k
https://www.facebook.com/groups/hashflarecloudmining/,2k
https://www.facebook.com/groups/1036253113119768/,2k
https://www.facebook.com/groups/1392441464364554/,2k
https://www.facebook.com/groups/1403455476626726/,2k
https://www.facebook.com/groups/btcearninginternational/,2k
https://www.facebook.com/groups/591948984254836/,2k
https://www.facebook.com/groups/359354567822568/,2k
https://www.facebook.com/groups/197617810780134/,2k
https://www.facebook.com/groups/bitcoinglobaltraders/,2k
https://www.facebook.com/groups/623341754517790/,2k
https://www.facebook.com/groups/368308263523991/,2k
https://www.facebook.com/groups/BITCOINInvestingTradingTips/,2k
https://www.facebook.com/groups/doubleyourbtc/,2k
https://www.facebook.com/groups/1886706934944784/,2k
https://www.facebook.com/groups/CoinsPHBitcoinUsers/,2k
https://www.facebook.com/groups/litecoinitalia/,2k
https://www.facebook.com/groups/369425786793772/,2k
https://www.facebook.com/groups/1069808126388108/,2k
https://www.facebook.com/groups/electroneumindonesia/,2k
https://www.facebook.com/groups/931226596999462/,2k
https://www.facebook.com/groups/CryptoMansa/,2k
https://www.facebook.com/groups/1644328165629207/,2k
https://www.facebook.com/groups/auscrypto/,2k
https://www.facebook.com/groups/bitcoinuk/,2k
https://www.facebook.com/groups/pinoybitcoinph/,2k
https://www.facebook.com/groups/411157092341335/,2k
https://www.facebook.com/groups/169947880247518/,2k
https://www.facebook.com/groups/BitcoinUserFrance/,2k
https://www.facebook.com/groups/450128995319759/,2k
https://www.facebook.com/groups/1812458645737944/,2k
https://www.facebook.com/groups/BitcoinUserESTONIA/,2k
https://www.facebook.com/groups/BitcoinsCanada/,2k
https://www.facebook.com/groups/254190108412715/,2k
https://www.facebook.com/groups/masteredbitcoin/,2k
https://www.facebook.com/groups/415118565289289/,2K
https://www.facebook.com/groups/117015722296721/,2K
https://www.facebook.com/groups/maltabitcoin/,2K
https://www.facebook.com/groups/BITCOINBITKINGDOMMALAYSIA/,2K
https://www.facebook.com/groups/litecoininvesting/,2K
https://www.facebook.com/groups/233592517079346/,2K
https://www.facebook.com/groups/239902226540484/,2K
https://www.facebook.com/groups/bitcoincloudmining/,2K
https://www.facebook.com/groups/651731728322339/,2K
https://www.facebook.com/groups/1831124793770703/,2K
https://www.facebook.com/groups/1146376115480169/,2K
https://www.facebook.com/groups/1599482833681745/,2K
https://www.facebook.com/groups/BitcoinEarningsUSA/,2K
https://www.facebook.com/groups/1518257315148519/,2K
https://www.facebook.com/groups/186713831705084/,2K
https://www.facebook.com/groups/764927886976810/,2K
https://www.facebook.com/groups/637061846307348/,2K
https://www.facebook.com/groups/914941971851765/,2K
https://www.facebook.com/groups/413492619045085/,2K
https://www.facebook.com/groups/australiabitcoin/,2K
https://www.facebook.com/groups/204036099640958/,2K
https://www.facebook.com/groups/BitcoinAmerica/,2K
https://www.facebook.com/groups/723173361152822/,2K
https://www.facebook.com/groups/mlm.bitcoins.china/,2K
https://www.facebook.com/groups/BitcoinsChina/,2K
https://www.facebook.com/groups/1070196356393248/,2K
https://www.facebook.com/groups/BitcoinTokyo/,2K
https://www.facebook.com/groups/BitcoinUsersUSA/,2K
https://www.facebook.com/groups/1459883634250726/,2K
https://www.facebook.com/groups/1812575765673107/,2K
https://www.facebook.com/groups/100142810402911/,2K
https://www.facebook.com/groups/118000255202680/,2K
https://www.facebook.com/groups/1207864509291539/,2K
https://www.facebook.com/groups/1984564978434537/,2K
https://www.facebook.com/groups/1779678428961499/,2K
https://www.facebook.com/groups/bitcoinnurik/,2K
https://www.facebook.com/groups/116014865776792/,2K
https://www.facebook.com/groups/whatbitcoindid/,2K
https://www.facebook.com/groups/1809760902674923/,2K
https://www.facebook.com/groups/bcc101/,2K
https://www.facebook.com/groups/112423606012194/,2K
https://www.facebook.com/groups/coinchat/,2K
https://www.facebook.com/groups/CryptoBitcoinBuySignalsUK/,2K
https://www.facebook.com/groups/newunioncrypto/,2K
https://www.facebook.com/groups/405519649807273/,2K
https://www.facebook.com/groups/dlavrov.tch/,2K
https://www.facebook.com/groups/140921189836895/,2K
https://www.facebook.com/groups/cryptoquickstart/,2K
https://www.facebook.com/groups/cryptopowerclub/,2K
https://www.facebook.com/groups/globalone2one/,2K
https://www.facebook.com/groups/706717862793199/,2K
https://www.facebook.com/groups/839025339610040/,2K
https://www.facebook.com/groups/322538638157320/,2K
https://www.facebook.com/groups/antminermarketplace/,2K
https://www.facebook.com/groups/BitcoinNewsCharts/,2K
https://www.facebook.com/groups/cryptologists/,2K
https://www.facebook.com/groups/Ethereum4miners/,2K
https://www.facebook.com/groups/blockchainita/,2K
https://www.facebook.com/groups/BitcoinCashBCH/,2K
https://www.facebook.com/groups/ucoincasindonesia/,2K
https://www.facebook.com/groups/1546919662288372/,2K
https://www.facebook.com/groups/294267067728127/,2K
https://www.facebook.com/groups/1822040808108342/,2K
https://www.facebook.com/groups/Broadripplealumni/,2K
https://www.facebook.com/groups/375837126178635/,2K
https://www.facebook.com/groups/1839464169665278/,2K
https://www.facebook.com/groups/bitconnectcoingroup/,2K
https://www.facebook.com/groups/liskblockchain/,2K
https://www.facebook.com/groups/bankofcommunity/,30k
https://www.facebook.com/groups/509100239425520,31k
https://www.facebook.com/groups/509100239425520/,31k
https://www.facebook.com/groups/655965537750225/,31k
https://www.facebook.com/groups/MarketingOnlineBoom/,31k
https://www.facebook.com/groups/143629866051997/,31k
https://www.facebook.com/groups/Homebasedbusinessads/,31K
https://www.facebook.com/groups/forbepromo/,31K
https://www.facebook.com/groups/415996562089686/,31K
https://www.facebook.com/groups/146617692471112/,32k
https://www.facebook.com/groups/744456549063931/,33k
https://www.facebook.com/groups/PTBB8/,33k
https://www.facebook.com/groups/blackcryptoinvesting/,34k
https://www.facebook.com/groups/freebitcoinafrica/,34k
https://www.facebook.com/groups/mypassiveincomediary/,34K
https://www.facebook.com/groups/btcsecure/,35k
https://www.facebook.com/groups/753921848087093/,35k
https://www.facebook.com/groups/bitcoincombi/,35K
https://www.facebook.com/groups/cryptoaustralia/,36K
https://www.facebook.com/groups/100persenDoubleBitcoin/,36K
https://www.facebook.com/groups/1294281033992041/,37k
https://www.facebook.com/groups/crypt0snews/,37k
https://www.facebook.com/groups/739445312782978/,38K
https://www.facebook.com/groups/NEO.Antshares/,38K
https://www.facebook.com/groups/CryptocurrencyICO/,3k
https://www.facebook.com/groups/151911098757590/,3k
https://www.facebook.com/groups/cryptohub/,3k
https://www.facebook.com/groups/1488719657877435/,3k
https://www.facebook.com/groups/1176236399150654/,3k
https://www.facebook.com/groups/152359548858257/,3k
https://www.facebook.com/groups/1959276300950513/,3k
https://www.facebook.com/groups/B4BSA/,3k
https://www.facebook.com/groups/TutorialBoss/,3k
https://www.facebook.com/groups/546215405482356/,3k
https://www.facebook.com/groups/prepaidloadtobitcoin/,3k
https://www.facebook.com/groups/goldbitcoinclub/,3k
https://www.facebook.com/groups/CryptocurrencyTrader/,3k
https://www.facebook.com/groups/960443523995582/,3k
https://www.facebook.com/groups/332319813856792/,3k
https://www.facebook.com/groups/tophyip0/,3k
https://www.facebook.com/groups/928495447245111/,3k
https://www.facebook.com/groups/electroneumphilippines/,3k
https://www.facebook.com/groups/1596142587083696/,3k
https://www.facebook.com/groups/1269704066392584/,3k
https://www.facebook.com/groups/1437025959727897/,3k
https://www.facebook.com/groups/929777013836227/,3k
https://www.facebook.com/groups/BitcoinUserNIGERIA/,3k
https://www.facebook.com/groups/786865528116722/,3k
https://www.facebook.com/groups/bitcoinmy/,3K
https://www.facebook.com/groups/807831712707054/,3K
https://www.facebook.com/groups/miningforbeginners/,3K
https://www.facebook.com/groups/419324495103533/,3K
https://www.facebook.com/groups/get.easy.europe/,3K
https://www.facebook.com/groups/addnoskypee/,3K
https://www.facebook.com/groups/878803565574662/,3K
https://www.facebook.com/groups/1561517213876087/,3K
https://www.facebook.com/groups/770893889729732/,3K
https://www.facebook.com/groups/1.BitCoin.Group/,3K
https://www.facebook.com/groups/122221984789312/,3K
https://www.facebook.com/groups/BitcoinNYC/,3K
https://www.facebook.com/groups/1194997007235883/,3K
https://www.facebook.com/groups/1067629826696461/,3K
https://www.facebook.com/groups/BitcoinNigeria/,3K
https://www.facebook.com/groups/503876913151852/,3K
https://www.facebook.com/groups/401674126696623/,3K
https://www.facebook.com/groups/747194855464528/,3K
https://www.facebook.com/groups/BITTREXOfficial/,3K
https://www.facebook.com/groups/1218887671553538/,3K
https://www.facebook.com/groups/EliteAltcoinTrader/,3K
https://www.facebook.com/groups/onecoinNG/,3K
https://www.facebook.com/groups/572762953077739/,3K
https://www.facebook.com/groups/255458391581059/,3K
https://www.facebook.com/groups/547185292140892/,3K
https://www.facebook.com/groups/1269343263089900/,3K
https://www.facebook.com/groups/976791195748446/,3K
https://www.facebook.com/groups/CryptoLive/,3K
https://www.facebook.com/groups/528172654023742/,3K
https://www.facebook.com/groups/anarcrypt/,3K
https://www.facebook.com/groups/EthereumTeam/,3K
https://www.facebook.com/groups/928094284007803/,3K
https://www.facebook.com/groups/103368693580487/,3K
https://www.facebook.com/groups/1925344721067107/,3K
https://www.facebook.com/groups/1814011868815753/,40k
https://www.facebook.com/groups/tradingforexgroup/,40K
https://www.facebook.com/groups/worldfreebrowsing/,40K
https://www.facebook.com/groups/bitcoinkings/,41k
https://www.facebook.com/groups/174884306246496/,42k
https://www.facebook.com/groups/electroneum/,43k
https://www.facebook.com/groups/356983504400156/,43K
https://www.facebook.com/groups/707144265980237,49k
https://www.facebook.com/groups/bitcoin4free/,49K
https://www.facebook.com/groups/161672567754641/,4k
https://www.facebook.com/groups/125175278187234/,4k
https://www.facebook.com/groups/464383170594826/,4k
https://www.facebook.com/groups/1814168248893675/,4k
https://www.facebook.com/groups/678048212304728/,4k
https://www.facebook.com/groups/ICOTokenCrowdsalesPresale/,4k
https://www.facebook.com/groups/495013267519148/,4k
https://www.facebook.com/groups/konaraj/,4k
https://www.facebook.com/groups/703028649902155/,4k
https://www.facebook.com/groups/BitcoinBCH/,4k
https://www.facebook.com/groups/bitcoincashltceth/,4k
https://www.facebook.com/groups/CryptoCurrencyNewz/,4k
https://www.facebook.com/groups/CryptoCurrenciesHub/,4k
https://www.facebook.com/groups/1841288542793313/,4k
https://www.facebook.com/groups/millionairebitcoin/,4k
https://www.facebook.com/groups/1022394004510196/,4k
https://www.facebook.com/groups/1713120905588794/,4k
https://www.facebook.com/groups/1435718969797761/,4k
https://www.facebook.com/groups/1234594166605663/,4k
https://www.facebook.com/groups/1159871730727393/,4k
https://www.facebook.com/groups/SouthAfricaBitcoinUsers/,4k
https://www.facebook.com/groups/1344985995551727/,4k
https://www.facebook.com/groups/114369234322/,4K
https://www.facebook.com/groups/1432446893751679/,4K
https://www.facebook.com/groups/D9ClubeSupportTeam/,4K
https://www.facebook.com/groups/1610369662313525/,4K
https://www.facebook.com/groups/927692414024956/,4K
https://www.facebook.com/groups/926092994155814/,4K
https://www.facebook.com/groups/434887906643035/,4K
https://www.facebook.com/groups/181457558963954/,4K
https://www.facebook.com/groups/677377672363715/,4K
https://www.facebook.com/groups/flpgh/,4K
https://www.facebook.com/groups/1611329475794868/,4K
https://www.facebook.com/groups/MMMGlobalBitCoinWorl88/,4K
https://www.facebook.com/groups/1135276199883121/,4K
https://www.facebook.com/groups/1690489274537254/,4K
https://www.facebook.com/groups/SmartIntermediaIT/,4K
https://www.facebook.com/groups/helpinghandsinternational.biz/,4K
https://www.facebook.com/groups/1575283486111420/,4K
https://www.facebook.com/groups/BtcInvestorsClub/,4K
https://www.facebook.com/groups/408808009310916/,4K
https://www.facebook.com/groups/bitcoinhyipexchange/,4K
https://www.facebook.com/groups/CryptoCoinTraders/,4K
https://www.facebook.com/groups/icoforbeginners/,4K
https://www.facebook.com/groups/livetradingnetwork/,4K
https://www.facebook.com/groups/CryptoCoinMastery/,4K
https://www.facebook.com/groups/658377531034768/,4K
https://www.facebook.com/groups/cryptocurrencyeducation/,4K
https://www.facebook.com/groups/CryptoBitTrade/,4K
https://www.facebook.com/groups/earn.bitcoin.free/,4K
https://www.facebook.com/groups/affordableonlinebiz/,4K
https://www.facebook.com/groups/BITCOINHYIPREVSHAREPROGRAMS/,4K
https://www.facebook.com/groups/ethereumfrance/,4K
https://www.facebook.com/groups/Billcoin/,4K
https://www.facebook.com/groups/1088785174465338/,4K
https://www.facebook.com/groups/cryptocurrencyboard/,4K
https://www.facebook.com/groups/AKAEducators/,4K
https://www.facebook.com/groups/32015346030/,4K
https://www.facebook.com/groups/1670306989939972/,4K
https://www.facebook.com/groups/224057047955837/,4K
https://www.facebook.com/groups/btcmining1/,55K
https://www.facebook.com/groups/bitcoinswealthclub/,56k
https://www.facebook.com/groups/CryptoCurrencyCollectorsClubPublicForum/,57K
https://www.facebook.com/groups/BitcoinReferrals/,58k
https://www.facebook.com/groups/cryptomine/,5k
https://www.facebook.com/groups/ethereumETH/,5k
https://www.facebook.com/groups/WorldCoin/,5k
https://www.facebook.com/groups/254078405029965/,5k
https://www.facebook.com/groups/811005869041274/,5k
https://www.facebook.com/groups/1290955714263315/,5k
https://www.facebook.com/groups/229123630866065/,5k
https://www.facebook.com/groups/bitcoinvalencia/,5k
https://www.facebook.com/groups/BitcoinUserChina/,5k
https://www.facebook.com/groups/BitcoinUserBRAZIL/,5k
https://www.facebook.com/groups/bitcoin.sverige/,5K
https://www.facebook.com/groups/1815799342039079/,5K
https://www.facebook.com/groups/1728250207434917/,5K
https://www.facebook.com/groups/355621831297589/,5K
https://www.facebook.com/groups/230923570695235/,5K
https://www.facebook.com/groups/502630013280067/,5K
https://www.facebook.com/groups/russiaprofit/,5K
https://www.facebook.com/groups/1567476176841015/,5K
https://www.facebook.com/groups/badcrypto/,5K
https://www.facebook.com/groups/thecryptomastermind/,5K
https://www.facebook.com/groups/1435587246718608/,5K
https://www.facebook.com/groups/CryptoCurrencyInvestmentClub/,5K
https://www.facebook.com/groups/633037813572015/,5K
https://www.facebook.com/groups/330970174022514/,5K
https://www.facebook.com/groups/881453675323656/,5K
https://www.facebook.com/groups/cryptoinvestorclub/,5K
https://www.facebook.com/groups/476651316028683/,5K
https://www.facebook.com/groups/1871725733087231/,5K
https://www.facebook.com/groups/hdmovieswatchonline/,5K
https://www.facebook.com/groups/bitpetite/,5K
https://www.facebook.com/groups/667049816729790/,5K
https://www.facebook.com/groups/1765255003740564/,5K
https://www.facebook.com/groups/regalcoin/,5K
https://www.facebook.com/groups/redditgifts/,5K
https://www.facebook.com/groups/218612071968287/,60k
https://www.facebook.com/groups/1543672519262625/,62k
https://www.facebook.com/groups/697917767018180/,63k
https://www.facebook.com/groups/bitcoin.tm/,63K
https://www.facebook.com/groups/bitcoins.mining.worldwide/,64k
https://www.facebook.com/groups/1893782784207120/,6k
https://www.facebook.com/groups/bitcoin.multiplying/,6k
https://www.facebook.com/groups/advancedcryptoassettrading/,6k
https://www.facebook.com/groups/1295861300560427/,6k
https://www.facebook.com/groups/ethereum.philippines/,6k
https://www.facebook.com/groups/1652503914790213/,6k
https://www.facebook.com/groups/plexcoingroup/,6k
https://www.facebook.com/groups/BitcoinBillionaire/,6k
https://www.facebook.com/groups/1611796295790771/,6k
https://www.facebook.com/groups/133277600552069/,6k
https://www.facebook.com/groups/234213413674146/,6k
https://www.facebook.com/groups/110347349660951/,6k
https://www.facebook.com/groups/bitcoinealtcoins/,6k
https://www.facebook.com/groups/1652503914790213/,6k
https://www.facebook.com/groups/1740279639554455/,6k
https://www.facebook.com/groups/StudentEarning/,6k
https://www.facebook.com/groups/1316333775145056/,6k
https://www.facebook.com/groups/482571875227079/,6k
https://www.facebook.com/groups/businessflowsSYSTEMINDIA/,6k
https://www.facebook.com/groups/japanbitcoin/,6k
https://www.facebook.com/groups/10xBitCoin/,6k
https://www.facebook.com/groups/btcjapan/,6k
https://www.facebook.com/groups/payperex/,6k
https://www.facebook.com/groups/525388424311955/,6K
https://www.facebook.com/groups/1582841285376008/,6K
https://www.facebook.com/groups/1740093599640844/,6K
https://www.facebook.com/groups/1466810126711084/,6K
https://www.facebook.com/groups/altcoin.cryptocurrency.trading/,6K
https://www.facebook.com/groups/cryptomalaysia/,6K
https://www.facebook.com/groups/540362332679996/,6K
https://www.facebook.com/groups/1326629787372818/,6K
https://www.facebook.com/groups/vertcoin3000club/,6K
https://www.facebook.com/groups/303525260097501/,70k
https://www.facebook.com/groups/bitcoinasiagroupphilippines/,71k
https://www.facebook.com/groups/423278678004768/,72k
https://www.facebook.com/groups/1740035142891102/,74k
https://www.facebook.com/groups/303525260097501/,75k
https://www.facebook.com/groups/LiveTradingChat/,75k
https://www.facebook.com/groups/BitcoinOffcial/,76k
https://www.facebook.com/groups/490369694641835/,7k
https://www.facebook.com/groups/iotacoin/,7k
https://www.facebook.com/groups/cryptocurrency1/,7k
https://www.facebook.com/groups/cryptotraderslounge/,7k
https://www.facebook.com/groups/cryptocurrency.biz/,7k
https://www.facebook.com/groups/541042619353091/,7k
https://www.facebook.com/groups/226346567867317/,7k
https://www.facebook.com/groups/386342841476368/,7k
https://www.facebook.com/groups/115205295813415/,7k
https://www.facebook.com/groups/886867318053268/,7K
https://www.facebook.com/groups/bitcoinexchange/,7K
https://www.facebook.com/groups/1224631374262206/,7K
https://www.facebook.com/groups/bitcoin2china/,7K
https://www.facebook.com/groups/BitcoinUserSouthKorea/,7K
https://www.facebook.com/groups/121632574665132/,7K
https://www.facebook.com/groups/152485445286413/,7K
https://www.facebook.com/groups/THEELITEENTREPRENEURS/,7K
https://www.facebook.com/groups/Cardano.ADA/,7K
https://www.facebook.com/groups/altcoinhaber/,7K
https://www.facebook.com/groups/246495069188006/,7K
https://www.facebook.com/groups/BitcoinUnitedStates/,80k
https://www.facebook.com/groups/bitcoinofficialgroup/,80k
https://www.facebook.com/groups/bitcoinmoneymakers/,82k
https://www.facebook.com/groups/222649707937306/,82K
https://www.facebook.com/groups/969886856490966/,84k
https://www.facebook.com/groups/TheCryptocurrencyAcademy/,8k
https://www.facebook.com/groups/ethereumgermany/,8k
https://www.facebook.com/groups/1546913338961683/,8k
https://www.facebook.com/groups/180184785859752/,8k
https://www.facebook.com/groups/usitechinfo/,8k
https://www.facebook.com/groups/747305565419305/,8k
https://www.facebook.com/groups/altcoinidea/,8K
https://www.facebook.com/groups/160592873990226/,8K
https://www.facebook.com/groups/1620354578225650/,8K
https://www.facebook.com/groups/open4advertising/,8K
https://www.facebook.com/groups/288010558210238/,8K
https://www.facebook.com/groups/JasonStapletonProgram/,8K
https://www.facebook.com/groups/367607026604015/,8K
https://www.facebook.com/groups/361989767478895/,96k
https://www.facebook.com/groups/361989767478895/,97k
https://www.facebook.com/groups/364733990582916/,98k
https://www.facebook.com/groups/BitcoinTheFutureOfMoney/,99k
https://www.facebook.com/groups/thelitecoin/,9k
https://www.facebook.com/groups/1871511396470413/,9k
https://www.facebook.com/groups/CryptoPH/,9k
https://www.facebook.com/groups/455186701490864/,9k
https://www.facebook.com/groups/307830206256324/,9k
https://www.facebook.com/groups/871263253025295/,9k
https://www.facebook.com/groups/Altcoin.Polska/,9k
https://www.facebook.com/groups/CryptoAllstars/,9k
https://www.facebook.com/groups/1736390650025132/,9k
https://www.facebook.com/groups/239743693162111/,9k
https://www.facebook.com/groups/BitcoinUserJAPAN/,9k
https://www.facebook.com/groups/bitcoin.sg/,9K
https://www.facebook.com/groups/homebusinessmlm/,9K
https://www.facebook.com/groups/ThaiCryptoMining/,9K
https://www.facebook.com/groups/GeometryDashEnglish/,9K