WhaleClub (Bitcoin ONLY) Traders,"34,580",https://telegram.me/joinchat/BpTIDjwx_ayUl5zN84uQBw
ICOCountdown,"20,598",https://telegram.me/icocountdown
The Coin Farm,"27,380",https://telegram.me/thecoinfarm
DASH Knights 2.0,"6,318",https://telegram.me/DashDigitalCash
Nxt Community,"6,078",https://telegram.me/NxtCommunity
Bitshares DEX,"11,071",https://telegram.me/BitSharesDEX
Monero Enthusiasts,"7,499",https://telegram.me/bitmonero
Steem Adictors,51,https://telegram.me/steemadictos
Bitcoin Español,"6,548",https://telegram.me/btces
Hub - Human Trust Protocol,"42,641",http://t.me/hubtoken
Deal,"16,958",https://t.me/deladelaem
SNIPERTRADE SIGNALS,"2,425",https://telegram.me/snipertradesignals
HOST.GAMES (Official),"1,125",https://t.me/hostgames
AITrading | Community,937,https://t.me/aitrading_com
MTL | Metal - Metal Pay,783,https://t.me/MetalPayCommunity
BitAlerts,428,https://t.me/Bit_Alerts
Whales Cryptocurrency,"23,285",https://www.t.me/cryptocurrency_whales
Superbloom,"48,120",https://t.me/superbloom
Crypto Coins (Ƀ),"39,363",https://t.me/CryptoCoinCoach
EtainPower Official,"32,398",https://t.me/etainpower_en
IMPRESSIO,"16,320",https://t.me/impressioLTD
Indorse,"13,332",https://t.me/indorseio
SKRAPS Official Group,"13,123",https://t.me/SkrapsOfficial
TeleMiner,"12,140",https://t.me/teleminerchannel
IDMONEY - [EN] OFFICIAL GROUP,"6,452",https://t.me/idmoney_eng
Cryptopedians,"5,681",https://t.me/cryptopedians
CryptoCoin Post,"4,129",https://t.me/CryptoCoinPost
Crypto Investment,"3,730",https://t.me/Crypt_Investment
RhuCoin Group,"3,689",https://t.me/rhucoin
ICO-Review,"3,651",https://t.me/ICOReviewProject
"ICO - news, reviews, articles","3,336",https://t.me/CryptoCoinPostICO
APO Finance ICO Group,"3,115",https://t.me/apofinancegroup
News Crypto currency. ICO.,"3,101",https://t.me/CoinCryptoNewsICO
Crypto NEO,"3,001",https://t.me/CryptoNeoTODAY
CoinCalendar,"2,962",https://t.me/TheBestCoinCalendar
ICO WORLD,"2,807",https://t.me/NEWICOWORLD
BEST Signals,"2,681",https://t.me/BestSignalsBTC
TheCrypto.Tips,"2,063",https://t.me/TheCryptoTips
BTC Online Price (Live!),"2,054",https://t.me/coinchart
CryptoBaby | Free Bittrex|Binance Signals,"1,267",https://t.me/cryptobaby
BlockPulse360 Crypto News,"1,200",https://t.me/blockpulse360
High Pay Crypto Airdrops - Airdropstop,"1,099",https://t.me/airdrop_stop
CryptoQuantBot,711,https://t.me/CryptoQuantBotChannel
Coin Digital™,705,https://t.me/coindigital
Loyela Official Group,688,https://t.me/loyela
cryptbuzz.com,581,https://t.me/cryptbuzznews
DisruptBlock - Cryptocurrency & ICO Chat,566,https://t.me/disruptblock
valor_network,421,https://t.me/valor_network
Metabase,381,https://t.me/metabasenetwork
Crypto Island Premium,333,https://t.me/joinchat/AAAAAEvWmEWX3xoXmFBFaQ
LitecoinExtreme [LCE],292,https://t.me/litecoinextremegroup
TOK.tv Token,251,https://t.me/toktvtoken
8base,130,https://t.me/chat_8base
MLG Community Management,119,https://t.me/MLGCommunity
Forbole Project,99,https://t.me/forbole
DPLAY TOKEN ICO,65,https://t.me/dplaygg
TradeAdviser,38,https://t.me/trade_viser
Proactiveinvestors,31,https://t.me/proactiveinvestorsgroup
cryptohorse.ch,25,https://t.me/cryptohorsehelp
EtherEmpire.io,21,https://t.me/etherempireio
Cryptocoin Dev Index,19,https://t.me/cryptocoinindex
Cryptocurrency Sinhala,10,https://t.me/cryptocurrencysinhala
ITC,"46,545",https://t.me/IoTChain
Nexo.io Community,"65,334",https://t.me/nexofinance
Ripple XRP,"64,324",https://t.me/Ripple
Bitcoin Bravado™,"45,431",https://t.me/BitcoinBravado
Bee Token,"34,994",https://t.me/beetoken
Crypto Groups,"33,503",https://t.me/Crypto
Litecoin LTC,"32,631",https://t.me/Litecoin
ORCA,"29,457",https://t.me/ORCAalliance
Iconiq Lab Chat,"28,199",https://t.me/iconiqlabchat
CREDITS blockchain platform,"27,316",https://t.me/creditscom
Crypto Alerts,"25,480",https://t.me/CryptoAlerts
CryptoTalk Group,"21,980",https://t.me/CryptTalkGroup
CryptoTalk Channel,"21,888",https://t.me/cryptoTalkC
ICOcountdown.com,"20,601",https://t.me/icocountdown
CoinFi,"19,854",https://t.me/coinfi
PolicyPal Network,"19,351",https://t.me/PolicyPalNetwork
Upcoming ICOs,"18,884",https://t.me/UpcomingICOs
One-minute letter | CT,"18,703",https://t.me/oneminuteletter
Signals.network,"18,682",https://t.me/signals_network
ICO & Crypto News,"18,581",https://t.me/blockchaininvestio
TradePlayz,"17,836",https://t.me/TradePlayz
Crypto Airdrops,"17,479",https://t.me/crypto_airdrops
Cryptocred's Channel,"17,261",https://t.me/cryptocredTA
NEO Blockchain,"15,974",https://t.me/Neo_Blockchain
Altcoins Channel,"15,545",https://t.me/altcoin
NANO (English chat),"13,872",https://t.me/raiblocks
TRIPBIT ICO Official Community,"13,453",https://t.me/tripbit
COBINHOOD,"12,147",https://t.me/cobinhood
Bitcoin channel,"12,060",https://t.me/bitcoinchannel
AppCoins Official,"11,821",https://t.me/joinchat/G337zg6z0ACm6QTvUU9_Yw
Bounty Bench,"11,150",https://t.me/BountyBenchAirdropsICO
Cryptocurrencies Channel,"10,509",https://t.me/cryptocurrency
æternity,"10,469",https://t.me/aeternity
Monero XMR,"10,334",https://t.me/monero
CryptoCurrencyUnivers®,"10,072",https://t.me/joinchat/AAAAAEsVbg6nb-oaDQAVhA
Siacoin SC,"9,632",https://t.me/SiaCoin
Crypto Charters TA,"9,382",https://t.me/CryptoCharters
GBX Community,"8,581",https://t.me/GBXCommunity
CoinNews,"7,952",https://t.me/coinnewschannel